name,ein,city,county,type,ntee,files_990pf,assets,income,revenue
CHARLES AND MARGERY BARANCIK FOUNDATION,363442474,Sarasota,Sarasota,Private foundation,T22,Y,577773944,66254381,0
COMMUNITY FOUNDATION OF SARASOTA COUNTY INC,591956886,Sarasota,Sarasota,Community foundation,T310,,518451597,212490133,87039125
GULF COAST COMMUNITY FOUNDATION INC,591052433,Venice,Sarasota,Community foundation,T310,,482820352,170003096,54435281
THE PATTERSON FOUNDATION,656230256,Sarasota,Sarasota,Private foundation,T20Z,Y,303914597,75703026,0
MARGUERITE DELANY HARK FOUNDATION,363617116,Venice,Sarasota,Private foundation,,Y,174044358,124008009,0
GALASHIELS FUND LTD,943059858,Sarasota,Sarasota,Private foundation,,Y,150611966,26450199,0
MARY PARKER FOUNDATION 25167-0,592708325,Bradenton,Manatee,Private foundation,,Y,118435114,30469369,0
AD IMPACT,814562993,Sarasota,Sarasota,Private foundation,T20,Y,108545267,23447800,0
LOUIS AND GLORIA FLANZER PHILANTRHOPIC TR,146285967,Sarasota,Sarasota,Private foundation,T20,Y,93895705,13829027,0
BRIAN AND SHEILA JELLISON FAMILY FOUNDATION,832115946,Sarasota,Sarasota,Private foundation,T20,Y,84144773,8703736,0
WILLIAM G AND MARIE SELBY FOUNDATION INC,842333839,Sarasota,Sarasota,Private foundation,T20,Y,78312524,5382624,0
ANTHONY AND CHRISTIE DE NICOLA FOUNDATION,316647684,Englewood,Sarasota,Private foundation,T21,Y,74738346,21115972,0
MANATEE COMMUNITY FOUNDATION INC,650833500,Bradenton,Manatee,Community foundation,T31,,69118344,60827625,10235365
THE JEWISH FEDERATION OF SARASOTA-MANATEE INC,591227747,Sarasota,Sarasota,Public grantmaker,T70Z,,67765124,17156866,10732008
W DALE BROUGHER FOUNDATION INC,521499358,Sarasota,Sarasota,Private foundation,,Y,67616622,78888887,0
RENWICK FOUNDATION-USA,923457678,Longboat Key,Sarasota,Private foundation,T20,Y,66398868,43510927,0
PENTECOST FOUNDATION,271471062,Bradenton,Manatee,Private foundation,T22,Y,62890141,52642858,0
ELLING O EIDE CHARITABLE FOUNDATION INC,461488932,Sarasota,Sarasota,Private foundation,T23,Y,62757939,13324680,0
THE BILL & ANN TEMPLETON FOUNDATION INC,203073117,Sarasota,Sarasota,Private foundation,T22,Y,53174148,7889423,0
HILDA & PRESTON DAVIS PRIVATE FOUNDATION,237966458,Sarasota,Sarasota,Private foundation,T20Z,Y,48104121,6400817,0
JOAN M WISMER FOUNDATION,233089181,Sarasota,Sarasota,Private foundation,T20,Y,43785739,14758734,0
NEMA FOUNDATION INC,274357830,Sarasota,Sarasota,Public grantmaker,T30,,32581469,43309295,30496474
HENRY E & PAULINE S BECKER CHARITABLE FOUNDATION,206297485,Sarasota,Sarasota,Private foundation,T22,Y,32303090,10814837,0
ROSKAMP FOUNDATION IRRV TR UA 052096,656206042,Sarasota,Sarasota,Private foundation,T23,Y,30961485,72459,0
THE REALIZATION FOUNDATION,046904482,Bradenton,Manatee,Private foundation,T22,Y,25872668,8875335,0
RALPH S FRENCH CHARITABLE FOUNDATION TRUST,273542831,Bradenton,Manatee,Private foundation,T22,Y,25112957,16182344,0
S & S CHARITABLE FOUNDATION INC,873844316,Sarasota,Sarasota,Private foundation,T22,Y,24376844,3290089,0
ALICE PACK AND L THOMAS MELLY FOUNDATION,237059703,Sarasota,Sarasota,Private foundation,,Y,23655550,24426927,0
LANGHAM PRIVATE FOUNDATION TR,926361152,Sarasota,Sarasota,Private foundation,T20,Y,20309323,19759726,0
GREEN FAMILY FOUNDATION INC,204256553,Bradenton,Manatee,Private foundation,T22,Y,20144427,5263391,0
DR LARRY & ANN LAIKS CHARITABLE TR UAD 31 OCT 2000 AS AMENDED,926200770,Sarasota,Sarasota,Private foundation,H30,Y,18377456,8440742,0
DANIEL S BLALOCK JR CHARITABLE FOUNDATION TR UAD 5-13-1988 AS AME,836260131,Bradenton,Manatee,Private foundation,T20,Y,18018963,7413263,0
ARNOLD SIMONSEN FAMILY CHARITABLE FOUNDATION INC,261624741,Longboat Key,Sarasota,Private foundation,T20,Y,17941777,1373500,0
ROBERTA LEVENTHAL SUDAKOFF FOUNDATION INC,311483381,Sarasota,Sarasota,Private foundation,T60Z,Y,17236122,6024874,0
GARDENER FOUNDATION INC,260615969,Sarasota,Sarasota,Private foundation,T20,Y,16964953,12495292,0
JAKE FOUNDATION INC,522107509,Sarasota,Sarasota,Private foundation,T20Z,Y,16627547,19784629,0
MICHAEL G CURRAN FAMILY FOUNDATION,061691227,Bradenton,Manatee,Private foundation,T20,Y,16609455,47211608,0
KOSLOSKI FAMILY FOUNDATION,822959949,Sarasota,Sarasota,Private foundation,T12,Y,15368806,10819988,0
JAMES AND BRENDA HOYT FOUNDATION,650754834,Sarasota,Sarasota,Private foundation,T20Z,Y,15206741,4643677,0
WILSON - WOOD FOUNDATION INC,592243926,Nokomis,Sarasota,Private foundation,B99Z,Y,14916031,2970915,0
MICHAEL J KOSLOSKI FOUNDATION,226800804,Sarasota,Sarasota,Private foundation,T22,Y,14848711,3530430,0
TAYLOR FAMILY FOUNDATION INC,396058301,Bradenton,Manatee,Private foundation,,Y,14282272,2064918,0
SUNSHINE NATURAL WELLBEING FOUNDATION,656220389,Sarasota,Sarasota,Private foundation,T22Z,Y,14216029,673133,0
EDMUND J & ESTELLE D WALKER CHARITABLE TRUST,271036148,Venice,Sarasota,Private foundation,T22,Y,13585215,866881,0
MAKE DISCIPLES CHARITABLE FOUNDATION,866690558,Sarasota,Sarasota,Private foundation,T23,Y,13082850,2669986,0
GETTEL FOUNDATION INC,061639333,Bradenton,Manatee,Private foundation,T31,Y,12607750,3425220,0
GAIL L BAIRD FAMILY FOUNDATION INC,455239860,Sarasota,Sarasota,Private foundation,T22,Y,12116556,1014551,0
GEORGE AND LUCY MALMBERG FOUNDATION TR AGREEMENT,816941753,Sarasota,Sarasota,Private foundation,T20,Y,12052065,8967076,0
FRY FAMILY FOUNDATION A NEW JERSEY NONPROFIT CORPORATION,223515940,Osprey,Sarasota,Private foundation,T22Z,Y,11376558,1911241,0
PURJES FOUNDATION,137220937,Longboat Key,Sarasota,Private foundation,T22,Y,11301078,6611185,0
SUMMER BREEZE FOUNDATION,832748016,Sarasota,Sarasota,Private foundation,T20,Y,11189885,10520974,0
MOTE SCIENTIFIC FOUNDATION INC,136117615,Sarasota,Sarasota,Private foundation,,Y,10740282,6288814,0
ALL STAR CHILDRENS FOUNDATION INC,202182079,Sarasota,Sarasota,Public grantmaker,T12,,10538367,4016613,3854498
MCMURTRY FAMILY FOUNDATION,510478343,Venice,Sarasota,Private foundation,T22,Y,10460258,2030678,0
THE KARAFIN FAMILY FOUNDATION,387123022,Longboat Key,Sarasota,Private foundation,T12,Y,10211884,1399845,0
BOSCIA FAMILY FOUNDATION,200614587,Sarasota,Sarasota,Private foundation,T20,Y,10207958,672717,0
HAYES FAMILY FOUNDATION,372168030,Sarasota,Sarasota,Private foundation,B19,Y,10041424,10041424,0
STONE FOUNDATION INC,475601594,Longboat Key,Sarasota,Private foundation,T22,Y,9806118,5596115,0
ROBERT E DODS FAMILY FOUNDATION INC,825068080,Longboat Key,Sarasota,Private foundation,T22,Y,9783476,5739962,0
STEVE AND NATALEE HERRIG FAMILY FOUNDATION INC,854146618,Bradenton,Manatee,Private foundation,T90,Y,9781998,5315473,0
STEINWACHS FAMILY FOUNDATION,161574554,Sarasota,Sarasota,Private foundation,T30,Y,9681019,279428,0
MIRNER FAMILY FOUNDATION,477410894,Longboat Key,Sarasota,Private foundation,T90,Y,9514447,2123189,0
RICHARD D DONCHIAN CHARITABLE FOUNDATION INC,061514402,Sarasota,Sarasota,Private foundation,,Y,9502215,5663948,0
PICCHI FAMILY FOUNDATION INC,934185922,Osprey,Sarasota,Private foundation,T22,Y,8949297,462469,0
ST STEPHENS EPISCOPAL SCHOOL ENDOWMENT FUND TR,650771320,Bradenton,Manatee,Public grantmaker,T22Z,,8321546,2155893,323922
DOUGLAS R MOORE FAMILY FOUNDATION,208628156,Sarasota,Sarasota,Private foundation,T22,Y,8300857,6251332,0
SKL FAMILY FOUNDATION,455537478,Nokomis,Sarasota,Private foundation,P12,Y,8298068,9587153,0
DONA & SAM SCOTT FOUNDATION,461562521,Sarasota,Sarasota,Private foundation,T22,Y,8233032,1182012,0
JAMES M DOSS CHARITABLE FOUNDATION TR,306558102,Sarasota,Sarasota,Private foundation,T22,Y,7947597,2685449,0
CENTER FOR FAITH AND FREEDOM INC,330365751,Lakewood Ranch,Manatee,Private foundation,X80,Y,7615698,990616,0
CARY JAY MORRISON TR DATED DECEMBER 8 2008 AS AMENDED,456968359,Sarasota,Sarasota,Private foundation,T20,Y,7287837,2782927,0
HURLBURT FOUNDATION INC,650795533,Sarasota,Sarasota,Private foundation,T20Z,Y,7156050,1556266,0
MCGRATH FAMILY FOUNDATION INC,921362443,Longboat Key,Sarasota,Private foundation,T20,Y,7154513,1501426,0
CAROLYN HAMMOND BRYE CHARITABLE FOUNDATION INC,651059468,Sarasota,Sarasota,Private foundation,T22,Y,7025714,209751,0
RODKIN FAMILY FOUNDATION INC,262434554,Sarasota,Sarasota,Private foundation,T22,Y,6965620,1268186,0
LELAND FAMILY FOUNDATION CORP,922034369,Sarasota,Sarasota,Private foundation,T22,Y,6859114,716120,0
COTE FAMILY TGS FOUNDATION INC,331769334,Anna Maria,Manatee,Private foundation,T22,Y,6818755,9332689,0
REGMARK FOUNDATION INC,832752186,Sarasota,Sarasota,Private foundation,T20,Y,6583934,2582240,0
OPPORTUNITY FOUNDATION INC,263928645,Sarasota,Sarasota,Private foundation,T22,Y,6573497,4985402,0
JANET AND STANLEY KANE FOUNDATION INC,650405758,Sarasota,Sarasota,Private foundation,,Y,6317498,160422,0
SOL TAPLIN CHARITABLE FOUNDATION,656272903,Sarasota,Sarasota,Private foundation,T20,Y,6295624,1070748,0
THE CHARLES & CHRISTINE SHIVERY FOUNDATION,522274633,Longboat Key,Sarasota,Private foundation,Z99,Y,5940841,2231216,0
MARIETTA MUSEUM OF ART & WHIMSY INC,270328538,Sarasota,Sarasota,Private foundation,A50,Y,5936595,2267601,0
ALMA GIBBS DONCHIAN CHARITABLE FOUNDATION INCORPORATED,061514400,Sarasota,Sarasota,Private foundation,,Y,5848824,3500061,0
LEONARD AND JUDITH SCHWARTZBAUM FAMILY FOUNDATION INC,814564555,Sarasota,Sarasota,Private foundation,T20,Y,5792205,292342,0
BERNARD F & MARY ANN POWELL FOUNDATION INC,593575091,Parrish,Manatee,Private foundation,T20,Y,5675802,775548,0
JERRY L AND FAY E BAINBRIDGE FAMILYFOUNDATION INC,208059666,Sarasota,Sarasota,Private foundation,T20,Y,5578102,1577936,0
DOLL-LOESEL FOUNDATION,383212771,Sarasota,Sarasota,Private foundation,T22Z,Y,5518247,1955985,0
DALEY FAMILY FOUNDATION,464298978,Longboat Key,Sarasota,Private foundation,T22,Y,5443289,600453,0
DR AND MRS BERNHARD BOECKER FOUNDATION CHARITABLE TR,866473047,Sarasota,Sarasota,Private foundation,,Y,5421232,988084,0
DL CHARITABLE FOUNDATION,205321479,Sarasota,Sarasota,Private foundation,T22,Y,5362102,1169721,0
R M BEALL SR CHARITABLE FOUNDATION,592851924,Bradenton,Manatee,Private foundation,T22Z,Y,5343180,1909045,0
HARRY SUDAKOFF FOUNDATION INC,650439722,Sarasota,Sarasota,Private foundation,,Y,5120386,1764874,0
MARCIA AND MICHAEL KLEIN FOUNDATION,261597287,Longboat Key,Sarasota,Private foundation,T20,Y,5119853,3545786,0
TAKE STOCK IN CHILDREN OF MANATEE COUNTY INC,461337168,Palmetto,Manatee,Public grantmaker,T30,,5103389,1424147,1424147
DONTES DEN FOUNDATION INC,263919566,Myakka City,Manatee,Private foundation,D99,Y,5082132,815264,0
KENNETH T & MILDRED S GAMMONS CHARITABLE FOUNDATION INC,650596492,Sarasota,Sarasota,Private foundation,T22Z,Y,5019678,58924,0
KOSKI FAMILY FOUNDATION INC,650764285,Sarasota,Sarasota,Private foundation,Z99Z,Y,4947456,3865572,0
LAWRENCE P CASTELLANI FAMILY FOUNDATION,166399132,Sarasota,Sarasota,Private foundation,T20Z,Y,4799488,838739,0
THE@ALAN AND TERRI SPOON FAMILY FOUNDATION,510433601,Longboat Key,Sarasota,Private foundation,T22,Y,4792911,5309019,0
EDWARD D AND ANNA MITCHELL FAMILY FOUNDATION A DELAWARE CORP,954715236,Sarasota,Sarasota,Private foundation,P58,Y,4653995,170178,0
SCHMIDT FAMILY FOUNDATION INC,610921414,Sarasota,Sarasota,Private foundation,A540,Y,4647496,913297,0
MISDEE WRIGLEY AND JAMES MATHER MILLER,201456820,Sarasota,Sarasota,Private foundation,T22,Y,4553923,639103,0
THE DUNN FAMILY CHARITABLE FOUNDATION,453077366,Sarasota,Sarasota,Private foundation,T21,Y,4323063,5847844,0
LINNIE E DALBECK MEMORIAL FOUNDATION,656329977,Sarasota,Sarasota,Private foundation,T22,Y,4209756,2854727,0
BRADENTON MISSIONARY VILLAGE INC,753109465,Bradenton,Manatee,Private foundation,L20,Y,4126820,2301602,0
EHRHART FAMILY FOUNDATION,656263281,Venice,Sarasota,Private foundation,T22,Y,4097400,460987,0
SOCIETY FOR THE PREVENTION OF CRUELTY TO ANIMALS OF MANATEE CO,590826963,Bradenton,Manatee,Private foundation,,Y,4067365,1737668,0
NEIL AND SANDRA DEFEO FAMILY FOUNDATION,266141110,Sarasota,Sarasota,Private foundation,T20,Y,4029857,906842,0
BROKEN WHEEL MINISTRIES,271564922,Englewood,Sarasota,Private foundation,T20,Y,4001227,2302471,0
MACEIKONIS FAMILY FOUNDATION,871986859,Sarasota,Sarasota,Private foundation,P01,Y,3905044,298514,0
GETZEN FAMILY CHARITIES INC,820540623,Sarasota,Sarasota,Private foundation,T22,Y,3770116,722100,0
ELIZABETH AND KEVIN A TATTAM FOUNDATION INC,201035767,Anna Maria,Manatee,Private foundation,T22,Y,3673129,1768261,0
DORIS M CARTER FAMILY FOUNDATION,200068099,Sarasota,Sarasota,Private foundation,T20,Y,3660431,660728,0
PATRICIA J BUSTER FOUNDATION CHARITABLE TR UAD 04071981,656259550,Sarasota,Sarasota,Private foundation,T20Z,Y,3654330,3054420,0
ANTOINE OBRIEN FAMILY FOUNDATION INC,464026551,Longboat Key,Sarasota,Private foundation,T99,Y,3650782,1488157,0
FAULHABER FOUNDATION INC,593680687,Nokomis,Sarasota,Private foundation,T22,Y,3620885,288757,0
CAPILLARY FOUNDATION INC,874016827,Bradenton,Manatee,Private foundation,T20,Y,3605045,2230173,0
PLATKIN FAMILY FOUNDATION INC,134263380,Sarasota,Sarasota,Private foundation,T20,Y,3540170,3549337,0
SWART FAMILY FOUNDATION,266046163,Sarasota,Sarasota,Private foundation,T20,Y,3511725,2297151,0
BOMBERGER FOUNDATION INC,205349740,Bradenton,Manatee,Private foundation,T22,Y,3500785,812236,0
TACKEL-RAVEN FAMILY FOUNDATION,475564067,Osprey,Sarasota,Private foundation,T20,Y,3406378,321073,0
LORDSHIP FOUNDATION INC,582611428,Sarasota,Sarasota,Public grantmaker,T20,,3318623,723107,542603
EDWIN J BECCUE MEMORIAL FOUNDATION TRUST,842726862,Sarasota,Sarasota,Private foundation,T20,Y,3251659,397047,0
SWIFT FAMILY FOUNDATION INC,200102620,Sarasota,Sarasota,Private foundation,T22,Y,3235687,441417,0
HENRY S AND MARGARET GAY MIKA CHARITABLE FOUNDATION INC,020535154,Sarasota,Sarasota,Private foundation,T22,Y,3233874,52036,0
SARA ROBERTS FOUNDATION INC,204225372,Sarasota,Sarasota,Private foundation,D20,Y,3110005,370966,0
ZIMMER FAMILY FOUNDATION INC,311596973,Sarasota,Sarasota,Private foundation,T20Z,Y,3102124,33813227,0
PAUL H PUSEY FOUNDATION,237043682,Sarasota,Sarasota,Private foundation,,Y,3081933,1483474,0
PATRIOT HILL RANCH INC,853274231,Parrish,Manatee,Private foundation,W30,Y,3005678,424450,0
RITA B LAMERE MEMORIAL FOUNDATION,306209352,Sarasota,Sarasota,Private foundation,T20,Y,2917550,570033,0
SMITH FAMILY LEGACY FOUNDATION,205002466,Sarasota,Sarasota,Private foundation,T22,Y,2901990,899804,0
W PAUL HOENLE FOUNDATION INC,383385672,Sarasota,Sarasota,Private foundation,T20Z,Y,2896023,435076,0
DUKE & LORI VANDER ARK FOUNDATION,275433447,Englewood,Sarasota,Private foundation,T20,Y,2876528,81005,0
LUO PAN FOUNDATION,814701284,Sarasota,Sarasota,Private foundation,T20,Y,2873191,631197,0
LINVILLE FAM FOUNDATION,206386091,Venice,Sarasota,Private foundation,T22,Y,2831471,137257,0
THE HARRY SHAPIRO CHARITABLE FOUNDATION INC,306458212,Sarasota,Sarasota,Private foundation,T20,Y,2821906,1051766,0
JOAN ARMOUR MENDELL FOUNDATION INC,461593016,Sarasota,Sarasota,Private foundation,T20,Y,2813822,630734,0
BIRCH ISLAND FOUNDATION,876540286,Sarasota,Sarasota,Private foundation,T22,Y,2811803,11675907,0
SHANK FAMILY FOUNDATION,261609483,Sarasota,Sarasota,Private foundation,T21,Y,2670007,1059894,0
LOUIE R & GERTRUDE MORGAN FOUNDATION INC,596142359,Sarasota,Sarasota,Private foundation,,Y,2653183,558638,0
ANNETTE J HAGENS MEMORIAL FOUNDATION,656248208,Sarasota,Sarasota,Private foundation,T20Z,Y,2642594,360803,0
KUTYA MAJOR FOUNDATION,273978348,Sarasota,Sarasota,Private foundation,T22,Y,2552279,1115478,0
DONNELLY FAMILY FOUNDATION CORP,832785988,Sarasota,Sarasota,Private foundation,T20,Y,2530597,1474632,0
GORDON FAMILY FOUNDATION,261146556,Sarasota,Sarasota,Private foundation,T20,Y,2518463,445838,0
THE BRUNJES FAMILY CHARITABLE TRUST,456660955,Longboat Key,Sarasota,Private foundation,T22,Y,2441956,1677443,0
BOOSTERS FOUNDATION INC,812127166,Sarasota,Sarasota,Private foundation,T30,Y,2420338,55492,0
SACK FAMILY FOUNDATION,656217967,Longboat Key,Sarasota,Private foundation,T22Z,Y,2396524,1025251,0
STUHLEY CHARITABLE FOUNDATION,882706164,Nokomis,Sarasota,Private foundation,P20,Y,2389219,383722,0
OLIN FAMILY FOUNDATION INC,113332090,Longboat Key,Sarasota,Private foundation,T31J,Y,2332847,137156,0
WETHERINGTON FOUNDATION INC,371472181,Sarasota,Sarasota,Public grantmaker,T30,,2310904,1040570,466333
PRIOR FAMILY CHARITABLE TRUST,366840926,Venice,Sarasota,Private foundation,,Y,2285946,1019907,0
EVALYN SADLIER JONES FOUNDATION INC,923634763,Sarasota,Sarasota,Private foundation,T12,Y,2255874,426796,0
MAY K HOUCK FOUNDATION,590777857,Sarasota,Sarasota,Private foundation,,Y,2207107,1009436,0
TILLIE JENNIE AND HAROLD SCHAWARTZ FOUNDATION INC,311471764,Sarasota,Sarasota,Private foundation,T22Z,Y,2190765,297099,0
PORTER FAMILY FOUNDATION,460499146,Longboat Key,Sarasota,Private foundation,T22,Y,2179444,575574,0
BURRUSS FOUNDATION TR 033100,656338689,Sarasota,Sarasota,Private foundation,T22,Y,2163006,327742,0
DR STEPHEN AND KIRSTEN HOSMAN FAMILY FOUNDATION INC,873898360,Englewood,Sarasota,Private foundation,P12,Y,2074533,732749,0
GEORGE C PERREAULT FOUNDATION INC,853423234,Sarasota,Sarasota,Private foundation,T90,Y,2037537,366502,0
KIMBERLY A FOUNDATION CORP,261392806,Longboat Key,Sarasota,Private foundation,T20,Y,2012711,278404,0
JAY & BECKY KAISERMAN FOUNDATION,592549476,Sarasota,Sarasota,Private foundation,,Y,2009575,4607505,0
BE IN MCCORMACK FOUNDATION INC,843901985,Bradenton,Manatee,Private foundation,T22,Y,2005701,1160900,0
BETY N GILES CHARITABLE FOUNDATION INC,651107943,Sarasota,Sarasota,Private foundation,T22,Y,2004267,5877,0
DOLLRIES FAMILY FOUNDATION,854312421,Sarasota,Sarasota,Private foundation,T20,Y,1998378,541270,0
THE DEAN FAMILY FOUNDATION,383631938,Venice,Sarasota,Private foundation,T22,Y,1986022,107179,0
H GLADSTONE AND BETTY PRITCHARD MCKEON CHARITABLE TR UA 01012011,306271110,Sarasota,Sarasota,Private foundation,T12,Y,1979277,527961,0
JOHN D & LESLIE HENNER BURNS FAM FOUNDATION,364482898,Osprey,Sarasota,Private foundation,T22,Y,1964467,1811053,0
FRANK J AND LENORA DUPUIS FOUNDATION INC,453568792,Sarasota,Sarasota,Private foundation,T20,Y,1950585,863731,0
MCCOMB FAMILY FOUNDATION,465379815,Sarasota,Sarasota,Private foundation,W99,Y,1949376,71316,0
MR & MRS WAYNE B LYON FOUNDATION,382680420,Terra Ceia,Manatee,Private foundation,,Y,1943647,1762176,0
ARTHUR S KARP FAMILY FOUNDATION INC,650632704,Sarasota,Sarasota,Private foundation,T90Z,Y,1891638,494691,0
WHITCRAFT FAMILY CHARITABLE TRUST,831932833,Sarasota,Sarasota,Private foundation,T22,Y,1879062,4238202,0
TARR CHARITABLE FAMILY FOUNDATION INC,650416098,Sarasota,Sarasota,Private foundation,,Y,1873500,291212,0
VERNON G & SANDRA J C BUCHANAN FAMILY FOUNDATION INC,203963153,Sarasota,Sarasota,Private foundation,T20,Y,1867806,778216,0
BERNATCHEZ FAMILY FOUNDATION TR UA 12132006,306201571,Sarasota,Sarasota,Private foundation,T22,Y,1845388,547578,0
JANICE S KELLY MEMORIAL FOUNDATION,656369744,Sarasota,Sarasota,Private foundation,T70,Y,1832589,79131,0
LEE FAMILY FOUNDATION TR,046919219,Sarasota,Sarasota,Private foundation,T20,Y,1818498,1310615,0
THE KATHARINA & JOSEPH SCHOBER FOUNDATION INC,650107997,Sarasota,Sarasota,Private foundation,,Y,1800263,907345,0
CURD FAMILY FOUNDATION INC,472791467,Sarasota,Sarasota,Private foundation,T50,Y,1796215,100288,0
THE EL SHAHAWY FAMILY FOUNDATION INC,208120780,Sarasota,Sarasota,Private foundation,T22,Y,1750097,2056339,0
THE VENICE ENDOWMENT INC,590668991,Venice,Sarasota,Public grantmaker,T700,,1729375,0,0
HORAN FAMILY FOUNDATION INC,831948519,Venice,Sarasota,Private foundation,T50,Y,1728025,616570,0
DOR FAMILY FOUNDATION,830345103,Sarasota,Sarasota,Private foundation,T22,Y,1692924,101415,0
JEAN AND WALT KITONIS CHARITABLE FOUNDATION,823774139,Venice,Sarasota,Private foundation,T50,Y,1672142,70812,0
MANATEE MEMORIAL FOUNDATION INC,650392921,Bradenton,Manatee,Public grantmaker,T30,,1670363,2286053,1379638
CATHERINE AND FRANCIS BURZIK FOUNDATION,453975185,Sarasota,Sarasota,Private foundation,T22,Y,1663869,2144891,0
JOE & MICHELLE VERBRUGGE FAMILY FOUNDATION,854226710,Holmes Beach,Manatee,Private foundation,T20,Y,1662725,615482,0
WINFIELD C COOK & ISABELLE K COOK CHARITABLE FOUNDATION INC,542107496,Sarasota,Sarasota,Private foundation,T20,Y,1641729,353525,0
W J & LELA BUDWINE FOUNDATION INC,760520860,Bradenton,Manatee,Private foundation,T30Z,Y,1641416,47994,0
SAMARITAN COUNSELING SERVICES OF THE GULF COAST INC,593457923,Sarasota,Sarasota,Public grantmaker,T20I,,1625194,3004566,2961322
D R LONG FOUNDATION INC,521379622,Sarasota,Sarasota,Private foundation,,Y,1621495,733944,0
UNITED WAY OF SOUTH SARASOTA COUNTY INC,591100846,Venice,Sarasota,Public grantmaker,T70Z,,1607652,2968954,2880087
BRAVEHER FOUNDATION INC,874086349,Longboat Key,Sarasota,Private foundation,T22,Y,1598582,668382,0
YMCA YOUTH FOUNDATION OF THE CENTRAL ATLANTIC AREA,472599330,Sarasota,Sarasota,Private foundation,O12,Y,1598316,28433,0
FRIEND OF THE FATHERLESS FOUNDATION,276888664,Sarasota,Sarasota,Private foundation,T20,Y,1575314,200641,0
PINKERTON FAMILY FOUNDATION INC,854310694,Venice,Sarasota,Private foundation,P30,Y,1551241,1230947,0
WILLIAM & GAYLE CHORSKE FAMILY FOUNDATION LTD,043382941,Sarasota,Sarasota,Private foundation,T90Z,Y,1516624,710688,0
BOB & GINGER CANNON BAILEY FOUNDATION INC,141765972,Sarasota,Sarasota,Private foundation,T20Z,Y,1495700,451390,0
JOHN GALANTI FOUNDATION INC,811790335,Holmes Beach,Manatee,Private foundation,T20,Y,1461135,165060,0
DAVIS-MCCULLOUGH FOUNDATION INC,205589596,Osprey,Sarasota,Private foundation,T20,Y,1452601,305624,0
WASSERMAN FOUNDATION,010722408,Sarasota,Sarasota,Private foundation,T30,Y,1427084,858080,0
EVERETT W ERDOESY AND GRETHA M ERDOESY FOUNDATION,822300696,Sarasota,Sarasota,Private foundation,T20,Y,1424147,664728,0
COOK FAMILY FOUNDATION,357260831,Sarasota,Sarasota,Private foundation,,Y,1395269,498186,0
ROPER FOUNDATION INC,331837478,Sarasota,Sarasota,Private foundation,P20,Y,1388411,1394566,0
FOUNDATION FOR THE FIRST PRESBYTERIAN CHURCH OF SARASOTA IN,463937481,Sarasota,Sarasota,Private foundation,X11,Y,1367370,1400737,0
LANCASTER WOODRUFF FOUNDATION,922412335,Sarasota,Sarasota,Private foundation,T20,Y,1363136,2276446,0
KING LOGIE FOUNDATION INC,263537164,North Port,Sarasota,Private foundation,T22,Y,1357001,325008,0
TRACY FOUNDATION,946129856,Sarasota,Sarasota,Private foundation,,Y,1342534,253409,0
RUTHANNE KOFFMAN CHARITABLE FOUNDATION,222624220,Sarasota,Sarasota,Private foundation,,Y,1333672,471358,0
JOHNSON-POLIOS FOUNDATION,464388864,Sarasota,Sarasota,Private foundation,T20,Y,1328920,2310905,0
EDNA M AND AARON E GINGERICH FOUNDATION INCORPORATED,843547682,Sarasota,Sarasota,Private foundation,T12,Y,1326930,84222,0
STARS IN THE FOREST WILDLIFE REHABILITATION INC,113450782,North Port,Sarasota,Private foundation,D340,Y,1319976,116,0
ULLMANN FAMILY FOUNDATION INC,311623869,Longboat Key,Sarasota,Private foundation,T22,Y,1306716,202270,0
JAMES E DAVIS AND SUSAN FROST DAVIS FOUNDATION,816700239,Sarasota,Sarasota,Private foundation,T20,Y,1293681,159931,0
URBAN AND SHELLEY MEYER FAMILY FOUNDATION INC,263732658,Sarasota,Sarasota,Private foundation,T22,Y,1270597,607404,0
JOHN J & LUCILLE C MADIGAN CHARITABLE FOUNDATION INC,650352871,Sarasota,Sarasota,Private foundation,,Y,1222837,913266,0
RON MORRIS FAMILY FOUNDATION,223693581,Sarasota,Sarasota,Private foundation,T20,Y,1217395,261921,0
KIDS ARK ABC,921284211,Sarasota,Sarasota,Private foundation,B99,Y,1208730,1343081,0
DILLMAN FAMILY FOR THE LEAST OF THESE FOUNDATION,814491626,Nokomis,Sarasota,Private foundation,T22,Y,1206841,650700,0
CHURCHSHARE BIBLE INSTITUTE INC,850653509,Sarasota,Sarasota,Private foundation,X20,Y,1205820,37508,0
BRADLEY FAMILY FOUNDATION TRUST,843991577,Longboat Key,Sarasota,Private foundation,T90,Y,1192585,261181,0
SALIE FAMILY PRIVATE FOUNDATION,311595419,Sarasota,Sarasota,Private foundation,X20Z,Y,1147808,130670,0
LEWIS FOUNDATION,146049219,Longboat Key,Sarasota,Private foundation,,Y,1146457,254800,0
U M R FOUNDATION INC,136077135,Sarasota,Sarasota,Private foundation,,Y,1141517,48230,0
MANATEE RIVER YOUTH SAILING INC,596151488,Palmetto,Manatee,Private foundation,,Y,1128169,204665,0
THE JOEL AND GAIL MORGANROTH FAMILY FOUNDATION,232244767,Sarasota,Sarasota,Private foundation,,Y,1121334,52920,0
FORSTROM FAMILY FOUNDATION,352191686,Sarasota,Sarasota,Private foundation,T20,Y,1114114,247488,0
DAVID LINDSAY FOUNDATION INC,650199642,Sarasota,Sarasota,Private foundation,,Y,1107525,521172,0
NORMAN E PETERSON AND DIANA LAGER PETERSON EDUCATIONAL FUND INC,592749952,Sarasota,Sarasota,Private foundation,,Y,1100818,351984,0
DEVITT-RISSE FAMILY FOUNDATION,854143289,Nokomis,Sarasota,Private foundation,T22,Y,1088842,354797,0
KOCH FAMILY LEGACY FOUNDATION,471890842,Bradenton,Manatee,Private foundation,T22,Y,1080004,89334,0
MARY MOOTY KILEEN AND TOM KILEEN FAMILY FOUNDATION,856810922,Longboat Key,Sarasota,Private foundation,T20,Y,1074150,394410,0
STELFOX FOUNDATION 12012010,326176794,Sarasota,Sarasota,Private foundation,,Y,1069498,49203,0
CHARLES L WACKERLE FOUNDATION INC,650807329,Sarasota,Sarasota,Private foundation,X21Z,Y,1057769,131812,0
MARILYN H FARRISH FOUNDATION,274311259,Sarasota,Sarasota,Private foundation,T90,Y,1053060,346179,0
ROSS J BORN AND WENDY G BORN CHARITABLE TRUST,237653033,Longboat Key,Sarasota,Private foundation,,Y,1049228,519041,0
RSN FOUNDATION,236805422,Sarasota,Sarasota,Private foundation,,Y,1040678,50939,0
MILMAN-KOVER FAMILY CHARITABLE FOUNDATION TRUST,273980980,Sarasota,Sarasota,Private foundation,T22,Y,1028122,107405,0
LEWIS E KERN RES CHARITABLE TR UA 070385,656212721,Sarasota,Sarasota,Private foundation,T20Z,Y,1026315,233708,0
SUTTON FAMILY FOUNDATION,274256502,Venice,Sarasota,Private foundation,T22,Y,1020505,95011,0
SWANSON FAMILY FOUNDATION,846870367,Sarasota,Sarasota,Private foundation,T20,Y,1018842,227732,0
HUMPHREY FAMILY FOUNDATION INC,814306908,Bradenton,Manatee,Private foundation,T22,Y,993940,77958,0
LARIAT FUTURE INNOVATORS FOUNDATION LLC,844157555,Sarasota,Sarasota,Private foundation,B82,Y,977558,348528,0
BROMARK FAMILY FOUNDATION UAD 01-11-2019,836691102,Sarasota,Sarasota,Private foundation,T22,Y,972391,353544,0
MORAVITS FAMILY FOUNDATION,271565620,Sarasota,Sarasota,Private foundation,T22,Y,955935,91983,0
JATH PRIVATE FOUNDATION,856802069,Venice,Sarasota,Private foundation,,Y,930551,227058,0
KAYLA MITCHELL FOUNDATION,562307848,Sarasota,Sarasota,Private foundation,T22,Y,910714,33019,0
ESSNER FAMILY FOUNDATION,814580388,Sarasota,Sarasota,Private foundation,T22,Y,905688,298080,0
RAFRANCO FOUNDATION,874476515,Sarasota,Sarasota,Private foundation,T20,Y,894134,160050,0
JANE AND RABBI ABRAHAM KRANTZ FAMILY FOUNDATION,133914838,Sarasota,Sarasota,Private foundation,T99Z,Y,880013,184366,0
ORMOND W DIXON CHARITABLEFOUNDATION,260563823,Englewood,Sarasota,Private foundation,T22,Y,873782,134309,0
CAROLE AND DOUG MAIBACH FAMILY FOUNDATION INC,884272812,Parrish,Manatee,Private foundation,T20,Y,869826,925369,0
TRIPLETT FAM FOUNDATION TR,206802824,Parrish,Manatee,Private foundation,T20,Y,860088,595204,0
MUELLER HOISEL WANGER CHARITABLE FOUNDATION,464380504,Venice,Sarasota,Private foundation,T20,Y,846536,227871,0
NEWTON IRT FBO BOYS & GIRLS CLUB OF SARASOTA,816266418,Sarasota,Sarasota,Private foundation,T20,Y,837576,419531,0
GULF COAST STRATEGIC INVESTMENTS INC,202651678,Venice,Sarasota,Public grantmaker,T30,,837228,0,0
VILLAGE GROUP PARTNERS INC,510425506,Bradenton,Manatee,Private foundation,L20,Y,834569,60580,0
RUTLEDGE CHARITABLE FOUNDATION INC,650946333,Sarasota,Sarasota,Private foundation,,Y,814586,440742,0
MARGARET M LYNSKEY TR,226614855,Longboat Key,Sarasota,Private foundation,T20Z,Y,799543,99570,0
GASTON DUFRESNE FOUNDATION FOR THE PERFORMING ARTS,650939291,Sarasota,Sarasota,Private foundation,T220,Y,789194,126510,0
HERMAN E & HELEN H TURNER FOUNDATION TRUST,656260563,Holmes Beach,Manatee,Private foundation,T22,Y,781441,264163,0
WEST FAMILY FOUNDATION TRUST,331722493,Venice,Sarasota,Private foundation,T22,Y,781325,1497225,0
FALKNER FAMILY FOUNDATION INC,871752355,Myakka City,Manatee,Private foundation,T23,Y,780903,186311,0
LAURENTI FAMILY CHARITABLE TR,223697005,Sarasota,Sarasota,Private foundation,T22,Y,775514,174836,0
GLASGOW FOUNDATION,873628753,Bradenton,Manatee,Private foundation,B82,Y,762408,634574,0
THE CRAIG AND FLORI ROBERTS FAMILY FOUNDATION INC,650402203,Sarasota,Sarasota,Private foundation,,Y,741562,102910,0
OLIAN FOUNDATION INC,136160914,Sarasota,Sarasota,Private foundation,,Y,736485,904256,0
JEANETTE B MCCAY IRRV TR 091619,656315837,Englewood,Sarasota,Public grantmaker,,Y,729028,54778,0
PIERRE AND KATHRYN MCCORMICK FAMILY FOUNDATION INC,822715709,Longboat Key,Sarasota,Private foundation,T22,Y,725185,624036,0
THEDA BOHRER WENDY AND TRACEY SHAPIRO CHARITABLE FOUNDATION INC,260163820,Sarasota,Sarasota,Private foundation,T20,Y,723747,111961,0
BERNARD LEWIS CHARITABLE FOUNDATION,954824569,Longboat Key,Sarasota,Private foundation,T20,Y,717172,20208,0
MERRY S GRAHAM CHARITABLE FOUNDATION TR OF12-9-21,936449273,Sarasota,Sarasota,Private foundation,D20,Y,707582,29954,0
BIRK FOUNDATION,200464855,Sarasota,Sarasota,Private foundation,T22,Y,706835,222082,0
NEWTON IRRV TR FBO GULF COAST HERITAGE ASSOCIATION,816269898,Sarasota,Sarasota,Private foundation,A11,Y,698831,155955,0
THE GARY W WOOD FOUNDATION IRREVOCABLE TRUST,656279593,Venice,Sarasota,Private foundation,T22,Y,694076,49650,0
GELFENBEIN-KAPLAN CHARITABLE FOUNDATION INC,880646382,Bradenton,Manatee,Private foundation,T20,Y,689025,394436,0
RONALD AND GERI YONOVER FOUNDATION,367296696,Longboat Key,Sarasota,Private foundation,T30,Y,684152,218022,0
CHARLES AND BARBARA DEWEY FAMILY FOUNDATION,854324690,Osprey,Sarasota,Private foundation,T20,Y,667202,581288,0
EDNA WEINSTEIN RESIDUARY TR,206419096,Bradenton,Manatee,Private foundation,B82,Y,667062,48430,0
THOMAS V GUARINO FAMILY FOUNDATION INC,061617207,Longboat Key,Sarasota,Private foundation,B82,Y,666794,241603,0
FAWKES FOUNDATION INC,934980028,Venice,Sarasota,Private foundation,T22,Y,665715,274317,0
SARASOTA ROTARY FOUNDATION INC,596153330,Sarasota,Sarasota,Public grantmaker,T30,,640062,195830,184564
DODT FAMILY FOUNDATION INC,650812002,Bradenton,Manatee,Private foundation,T20Z,Y,639325,26398,0
RUBIN CHARITABLE FOUNDATION,650620355,Sarasota,Sarasota,Private foundation,T22Z,Y,633887,38765,0
MORTON J AND BERNICE W SKIRBOLL FAMILY FOUNDATION,371549358,Longboat Key,Sarasota,Private foundation,T20,Y,632433,450709,0
RICHARD B SNEED FOUNDATION,311627480,Sarasota,Sarasota,Private foundation,T20,Y,629788,157806,0
DALE AND PATSY HOSMAN FAMILY FOUNDATION INC,911834655,Englewood,Sarasota,Private foundation,T22Z,Y,628108,162982,0
JW & P BLAKELY FAMILY FOUNDATION,463698549,Sarasota,Sarasota,Private foundation,T20,Y,621210,83612,0
DUNHAM FAMILY FOUNDATION INC,352093923,North Port,Sarasota,Private foundation,T22,Y,606689,248918,0
MARCEL A NICOLAS JR AND MARGUERITE M NICOLAS CHAR FDN INC,831983302,Englewood,Sarasota,Private foundation,T20,Y,606212,65837,0
TOOMEY FOUNDATION FOR THE NATURAL SCIENCES INC,651077421,Bradenton,Manatee,Private foundation,V21,Y,603887,55625,0
RIDGEVIEW CHARITABLE FOUNDATION,871614606,Sarasota,Sarasota,Private foundation,F22,Y,583239,275849,0
PIERCE FAMILY FOUNDATION,010800004,Longboat Key,Sarasota,Private foundation,T22,Y,571649,246128,0
HAROLD & EVELYN R DAVIS MEMORIAL FOUNDATION INC,311598507,Sarasota,Sarasota,Private foundation,T90Z,Y,571035,76414,0
RUTH M FOY CHARITABLE FOUNDATION INC,650102106,Sarasota,Sarasota,Private foundation,,Y,543100,386175,0
THE JIM AND ELLEN WHITE FAMILY FOUNDATION INC,201972244,Sarasota,Sarasota,Private foundation,T22,Y,541405,32250,0
HERON CREEK COMMUNTIY FOUNDATION,273027214,North Port,Sarasota,Public grantmaker,T31,,537712,137237,137237
EVERYONE CAN HELP INC,020709043,Venice,Sarasota,Public grantmaker,T12,,531916,1639190,1276449
E LIBERTY FOUNDATION INC,462626072,Sarasota,Sarasota,Private foundation,T22,Y,530266,30991,0
BILL C AND PATRICIA P BROWN CHARITABLE FOUNDATION INC,650193746,Sarasota,Sarasota,Private foundation,,Y,525732,105549,0
DOCTORS IN TRAINING FOUNDATION INC,933968912,Sarasota,Sarasota,Private foundation,,Y,524011,1015021,0
WYMAN FAMILY FOUNDATION TR DTD 6-6-2023,936494851,Longboat Key,Sarasota,Private foundation,T22,Y,521229,17548,0
FRANK CASSATA FAMILY FOUNDATION,113270612,Sarasota,Sarasota,Private foundation,T20J,Y,518461,17774,0
JOAN AND MARSHALL CUTLER FAMILY FOUNDATION INC,522007516,Longboat Key,Sarasota,Private foundation,T22Z,Y,513072,479029,0
ROBERT K DIXON FOUNDATION INC,592748301,Nokomis,Sarasota,Private foundation,,Y,509272,311756,0
ANGUS W GRAHAM JR FAMILY FOUNDATION INC,651110612,Bradenton,Manatee,Private foundation,T20,Y,506904,300855,0
THOMAS D AND PATSY K HOSMAN FAMILY FOUNDATION INC,874042732,Englewood,Sarasota,Private foundation,P20,Y,494486,157267,0
FALL CREEK VALLEY FOUNDATION INC,450839936,Venice,Sarasota,Private foundation,T21,Y,481829,15036,0
BILOUS FAMILY CHARITABLE FOUNDATION INC,651062193,Osprey,Sarasota,Private foundation,T22,Y,479475,35799,0
INTERCHANGE FOUNDATION INC,842116385,Siesta Key,Sarasota,Private foundation,T99,Y,477163,17335,0
JEROME CRICK FOUNDATION INC,923655650,Nokomis,Sarasota,Private foundation,T23,Y,468668,1,0
SAVIDGE FAMILY FOUNDATION INC,651062266,Sarasota,Sarasota,Private foundation,T22,Y,464441,105954,0
LESLIE P OBERLEDER PROFESSOR OF GERIATRIC MEDICINE,656180303,Venice,Sarasota,Private foundation,B99Z,Y,464196,154808,0
DAVIS FAMILY FOUNDATION,043575992,Nokomis,Sarasota,Private foundation,T90,Y,461481,243726,0
WHELAN FAMILY FOUNDATION,356725404,Holmes Beach,Manatee,Private foundation,T22,Y,460836,74294,0
RON AND MARLA WOLF FAMILY FOUNDATION INC,834472724,Sarasota,Sarasota,Private foundation,T20,Y,458568,11772,0
BILLY J AND JEANE S MARTIN FOUNDATION,870627584,Sarasota,Sarasota,Private foundation,T22,Y,452868,76058,0
VISION FOR THE AMERICAS INC,300938707,Sarasota,Sarasota,Public grantmaker,T30,,452139,182688,182688
LAN FAMILY FOUNDATION,263910551,Sarasota,Sarasota,Private foundation,T22,Y,449467,64367,0
DAVID AND MYRNA BAND FAMILY FOUNDATION INC,851101241,Sarasota,Sarasota,Private foundation,T20,Y,444175,38041,0
ROBERT AND SHERRY ROGERS MDFOUNDATION INC,208104471,Sarasota,Sarasota,Private foundation,T20,Y,442315,68162,0
PRICE FAMILY FOUNDATION INC,200253270,Sarasota,Sarasota,Private foundation,T22,Y,438435,1116516,0
GEORGE BARRIE FOUNDATION INC,226042649,Sarasota,Sarasota,Private foundation,,Y,431614,210636,0
ALLAN D SUTTON AND ANITA SUTTON FAMILY FOUNDATION INC,463417140,Sarasota,Sarasota,Private foundation,P99,Y,431175,83128,0
AKHOURY FOUNDATION INC,223417520,Longboat Key,Sarasota,Private foundation,T20Z,Y,426124,647425,0
SANDOR FAMILY FOUNDATION,205956773,Sarasota,Sarasota,Private foundation,T20,Y,424045,512610,0
SUSAN L BROWN AND ROBERT H THILL JR FAMILY FOUNDATION,851069040,Sarasota,Sarasota,Private foundation,T22,Y,413179,21028,0
SIMON AND STELLA SHEIB FOUNDATION,136216916,Sarasota,Sarasota,Private foundation,,Y,409686,317814,0
FREDERICK A AND SUSAN HOSMAN FAMILY FOUNDATION INC,873898512,Englewood,Sarasota,Private foundation,P12,Y,407199,42914,0
TERRANOVA EQUESTRIAN FOUNDATION INC,611632801,Bradenton,Manatee,Private foundation,T20,Y,406905,300000,0
IMG ACADEMY FOUNDATION INC,883778491,Bradenton,Manatee,Private foundation,T20,Y,400749,571438,0
JOSEPH B AND NANCY M TYNAN FAMILY FOUNDATION,266690290,Holmes Beach,Manatee,Private foundation,T90,Y,393250,125038,0
STEVE AND JUDY COX FOUNDATION 2 INC,994164183,Bradenton,Manatee,Private foundation,P12,Y,390167,500000,0
SANDY FAMILY FOUNDATION INC,383208309,Longboat Key,Sarasota,Private foundation,T22Z,Y,383364,141732,0
CHRISMAN FAMILY FOUNDATION INC,832068931,Sarasota,Sarasota,Private foundation,T99,Y,375048,145274,0
SETH MORRIS 911 HEROS FOUNDATION INC,010728135,Sarasota,Sarasota,Private foundation,B82,,369680,352465,0
JAMES AND MARYANN ARMOUR FAMILY FOUNDATION INC,834289839,Sarasota,Sarasota,Private foundation,T20,Y,368448,458533,0
CAROLYN J GABLE FOUNDATION,461600757,Sarasota,Sarasota,Private foundation,T22,Y,364351,127040,0
HAWKS FAMILY FOUNDATION,861581658,Longboat Key,Sarasota,Private foundation,T20,Y,362307,222000,0
VICTOR P AND PATRICIA S MANNING FAMILY FOUNDATION,824709073,Venice,Sarasota,Private foundation,,Y,360732,65139,0
WORD PLUS INC,650967209,Parrish,Manatee,Private foundation,T22,Y,360729,14932,0
THE KENNETH D MORGAN CHARITABLE FOUNDATION TRUST,306404110,Sarasota,Sarasota,Private foundation,T99,Y,358558,144518,0
MISSION FOUNDATION OF FLORIDA INC,201435228,Bradenton,Manatee,Private foundation,T20,Y,346612,182485,0
STONY BROOK FOUNDATION INC,222766098,Sarasota,Sarasota,Private foundation,,Y,344905,151859,0
ROWAN FOUNDATION INC,200484903,Osprey,Sarasota,Private foundation,T20,Y,334042,14720,0
JONES FAMILY CHARITABLE FOUNDATION INC,364960654,Sarasota,Sarasota,Private foundation,T50,Y,332051,20730,0
WANVIG FOUNDATION INC,650885129,Sarasota,Sarasota,Private foundation,T22,Y,331561,145017,0
DAVID J AND SHARON L KENWORTHY FAMILY FOUNDATION INC,873273058,Sarasota,Sarasota,Private foundation,P30,Y,323076,128693,0
RANDOM ACTS OF KINDNESS INC,611757796,Sarasota,Sarasota,Private foundation,T20,Y,322429,379816,0
JOHN O & HELEN YOUNGER CHARITABLE TRUST,650314860,Sarasota,Sarasota,Private foundation,,Y,320591,173473,0
MICHAEL AND JEAN FREED FAMILY FOUNDATION,201915201,Longboat Key,Sarasota,Private foundation,T22,Y,310766,202609,0
GRATEFUL HEARTS CHARITABLE TRUST,472565674,Venice,Sarasota,Private foundation,X20,Y,294602,333987,0
PETER PAULSON EXCELLENT FOUNDATION INC,863292464,Longboat Key,Sarasota,Private foundation,B82,Y,281145,238334,0
BEVERLY BEALL AND R KEMP RIECHMANN FOUNDATION INC,650808807,Bradenton,Manatee,Private foundation,B82Z,Y,268789,175383,0
HARRIET AND RAYMOND BRUSH CHARITABLE FOUNDATION INC,650835440,Sarasota,Sarasota,Private foundation,T20,Y,268723,82015,0
JOSEPH AND CYNTHIA VITALE FAMILY FOUNDATION,853835823,Venice,Sarasota,Private foundation,T22,Y,265557,11931,0
HARGREAVES FAMILY CHARITABLE FOUNDATION,814298358,Sarasota,Sarasota,Private foundation,T20,Y,264116,14076,0
THOMAS J ZANIOS III FOUNDATION,871559529,Osprey,Sarasota,Private foundation,P20,Y,262016,127621,0
ABE C KENNEDY AND ROSE H KENNEDY CHARITABLE FOUNDATION,461192441,Englewood,Sarasota,Private foundation,T20,Y,261033,9990,0
GONDELMAN FOUNDATION INC,136174445,Longboat Key,Sarasota,Private foundation,,Y,253704,247535,0
BOSMA AND RALSTON FAMILY FOUNDATION,831059995,Longboat Key,Sarasota,Private foundation,T20,Y,251506,5824,0
FIVE TALENT FUND,043166031,Bradenton,Manatee,Private foundation,,Y,244908,285095,0
JOY A CUNNINGHAM CHARITABLE FOUNDATION TR,276339297,Sarasota,Sarasota,Private foundation,T20,Y,243347,69499,0
MARIANNE AND BUD SIEGAL FAMILY FOUNDATION INC,651069761,Osprey,Sarasota,Private foundation,T22,Y,239092,44013,0
CHARLES A MILLER JR FOUNDATION,311757743,Sarasota,Sarasota,Private foundation,T22,Y,236688,10288,0
SIEGFRIED FAMILY FOUNDATION,923270423,Sarasota,Sarasota,Private foundation,T22,Y,233474,222910,0
WORLD CLASS EDUCATIONAL RESEARCH FOUNDATION INC,650636034,Sarasota,Sarasota,Private foundation,B90Z,Y,229110,5421,0
IRMA SCHUSTER FOUNDATION INC,010805754,Sarasota,Sarasota,Private foundation,T20,Y,224399,217417,0
ROTARY CLUB OF PARRISH FLORIDA,825105785,Englewood,Sarasota,Private foundation,P20,Y,223034,156684,0
AL-DAR FOUNDATION,920713294,Sarasota,Sarasota,Private foundation,T22,Y,222287,558070,0
WISDOM FAMILY FOUNDATION,261298966,Sarasota,Sarasota,Private foundation,T20,Y,214384,124395,0
LEELA AND MURALI D ATLURU FAMILYFOUNDATION INC,204010710,Sarasota,Sarasota,Private foundation,T20,Y,213988,38373,0
CALDWELL FAMILY FOUNDATION,453724410,Sarasota,Sarasota,Private foundation,T22,Y,213473,428566,0
THE PAPERNICK FAMILY FOUNDATION,237750564,Longboat Key,Sarasota,Private foundation,,Y,212893,19917,0
LARRY AND DORIS KELLY FOUNDATION,383126025,Sarasota,Sarasota,Private foundation,,Y,209441,109043,0
BERRY EDUCATIONAL TRUST INC,650533522,Longboat Key,Sarasota,Private foundation,T22Z,Y,206799,25947,0
GRAIN FAMILY FOUNDATION INC,844933973,Sarasota,Sarasota,Private foundation,T20,Y,206191,273389,0
BETTY AND MARIE HEALY FAMILY FOUNDATION INC,421566848,Sarasota,Sarasota,Private foundation,T22,Y,202632,13790,0
JEFFREY M HILL FOUNDATION TRUSTAGREEMENT,207340409,Venice,Sarasota,Private foundation,T22,Y,201765,8042,0
FIRTH-LINK FAMILY FOUNDATION TRUST,460980164,Sarasota,Sarasota,Private foundation,T22,Y,200426,47689,0
ZEDECK FAMILY FOUNDATION INC,650882486,Sarasota,Sarasota,Private foundation,T20,Y,200321,24469,0
RASM REALTORS CHARITABLE FOUNDATION INC,854232393,Sarasota,Sarasota,Public grantmaker,T12,,195249,344853,311543
FROM CRADLE TO COLLEGE FOUNDATION,815170404,Palmetto,Manatee,Public grantmaker,T30,,194913,328000,328000
MELINA HUDSON FOUNDATION,141723792,Sarasota,Sarasota,Private foundation,T20,Y,194415,27727,0
GEORGE AND MARIAMMA THOMAS FOUNDATION INC,472629973,Bradenton,Manatee,Private foundation,T20,Y,187547,34274,0
LIEBERMAN JAY M & JOAN K CHARITABLE FUND,391686098,Longboat Key,Sarasota,Private foundation,,Y,177563,109718,0
THE SERTOMA CLUB OF BRADENTON INC,596214582,Bradenton,Manatee,Public grantmaker,T30,,176833,146143,109950
DJD FOUNDATION,383553476,Sarasota,Sarasota,Private foundation,T22,Y,173101,6727,0
DENISE AMBER LEE FOUNDATION INC,272372559,Englewood,Sarasota,Public grantmaker,T20,,167379,1025289,1025289
J EDWIN JONES & MADALINE G JONES CHARITABLE FOUNDATION,272039971,Englewood,Sarasota,Private foundation,T22,Y,166924,19856,0
STEVE AND JUDY COX FAMILY FOUNDATION 1 INC,332132553,Bradenton,Manatee,Private foundation,T20,Y,166667,250000,0
WAYNNE WILLIAM JOHNSON CHARITABLE TR,596848598,Sarasota,Sarasota,Private foundation,,Y,166453,24553,0
H & R CHARITABLE FOUNDATION,436319120,Sarasota,Sarasota,Private foundation,,Y,163379,26630,0
THE PALMETTO HISTORICAL COMMISSION INC,592345073,Palmetto,Manatee,Private foundation,A80,Y,163212,9309,0
VERROCHI FAM CHARITABLE TR UDT 082193,046740855,Sarasota,Sarasota,Private foundation,,Y,163211,7023,0
PAUL MARSHALL CHARITABLE FOUNDATION INC,814498691,Sarasota,Sarasota,Private foundation,T20,Y,161625,18228,0
BE A GIFT FOUNDATION,274118620,Longboat Key,Sarasota,Private foundation,T20,Y,156436,65214,0
BRADENTON WOMANS CLUB INC,590655170,Bradenton,Manatee,Public grantmaker,T31,,151043,123068,114268
RAEBURN FAMILY FOUNDATION INC,331192680,Sarasota,Sarasota,Private foundation,T22,Y,146734,12207,0
ROTARY FLORIDA PETS INC,204342322,Venice,Sarasota,Public grantmaker,T31,,145071,241272,241272
BENJAMIN B AND NATALIE O LEVIN FOUNDATION,233021265,Sarasota,Sarasota,Private foundation,T22,Y,143703,5467,0
GARDIKES FAMILY FOUNDATION INC,200536787,Osprey,Sarasota,Private foundation,T22,Y,143293,35209,0
PETER A WISH AND LESLIEBETH BERGER WISH FOUNDATION INC,650845132,Sarasota,Sarasota,Private foundation,T20Z,Y,140415,25000,0
THE AURORA FOUNDATION,237044641,Bradenton,Manatee,Private foundation,,Y,134685,5128,0
THE SOUL SUPPORT FOUNDATION INC,133373753,Sarasota,Sarasota,Private foundation,,Y,133736,69855,0
JIMMY DEVELLANO FOUNDATION INC,562417801,Sarasota,Sarasota,Private foundation,X22,Y,132162,300000,0
ROSENFIELD FAM FOUNDATION TR AGREEMENT 10132007,656470902,Longboat Key,Sarasota,Private foundation,T22,Y,131058,5422,0
THE ROTARY CLUB OF ANNA MARIA ISLAND FOUNDATION INC,861122241,Holmes Beach,Manatee,Public grantmaker,T30,,130606,152456,55692
HIGHER LEVEL FOUNDATION INC,880950683,Sarasota,Sarasota,Private foundation,T22,Y,124971,75000,0
THE JANE FAMILY FOUNDATION,566061641,Sarasota,Sarasota,Private foundation,,Y,120631,14260,0
U N I FOUNDATION INCORPORATED,872283661,Sarasota,Sarasota,Private foundation,T30,Y,113456,5000,0
KOBREN FAM CHARITABLE TR,046885196,Sarasota,Sarasota,Private foundation,T20,Y,111335,6215,0
